{"AP-V18-6BCF-HALL-F": [0.41627604166666665, 0.33310185185185187], "AP-V18-EC7B-HALL-A": [0.126171875, 0.5956018518518519], "AP-V18-DAEC-HALL-F": [0.33841145833333336, 0.4099537037037037], "AP-V18-D971-HALL-A": [0.09791666666666667, 0.4083333333333333], "AP-V18-D8EB-HALL-A": [0.19453125, 0.41087962962962965], "AP-V18-6AA2-HALL-A": [0.10052083333333334, 0.5951388888888889], "AP-V18-DAD3-HALL-B": [0.2421875, 0.1574074074074074], "AP-V18-EC76-HALL-F": [0.28880208333333335, 0.46828703703703706], "AP-V18-F15A-HALL-F": [0.24127604166666666, 0.32916666666666666], "AP-V18-D903-HALL-B": [0.24104817708333334, 0.2416087962962963], "AP-V18-DA98-HALL-B": [0.14729817708333334, 0.24305555555555555], "AP-V18-7283-HALL-B": [0.19694010416666666, 0.10677083333333333], "AP-V18-EC7E-HALL-A": [0.20755208333333333, 0.5949074074074074], "AP-V18-DFA2-HALL-E": [0.2877604166666667, 0.2404513888888889], "AP-V18-D8F3-HALL-A": [0.096484375, 0.3261574074074074], "AP-V18-6B93-HALL-B": [0.14729817708333334, 0.15653935185185186], "AP-V18-EC6E-HALL-A": [0.13567708333333334, 0.4083333333333333], "AP-V18-D9B6-HALL-E": [0.3391927083333333, 0.15914351851851852], "AP-V18-D86B-HALL-F": [0.28997395833333334, 0.33773148148148147], "AP-V18-6BDE-HALL-A": [0.14830729166666667, 0.32592592592592595], "AP-V18-D444-HALL-A": [0.24791666666666667, 0.4081018518518518], "AP-V18-6AA1-HALL-F": [0.38528645833333336, 0.4101851851851852], "AP-V18-DACC-HALL-A": [0.17708333333333334, 0.5944444444444444], "AP-V18-DF0BHALL-B": [0.14794921875, 0.10706018518518519], "AP-V18-717F-HALL-E": [0.38427734375, 0.1574074074074074], "AP-V18-D8D8-HALL-A": [0.23932291666666666, 0.524074074074074], "AP-V18-EAFC-HALL-F": [0.4161458333333333, 0.4673611111111111], "AP-V18-EB80-HALL-A": [0.0828125, 0.381712962962963], "AP-V18-D9B0-HALL-B": [0.08268229166666667, 0.15827546296296297], "AP-V18-E06E-HALL-B": [0.09440104166666667, 0.15625], "AP-V18-EC41-HALL-E": [0.2884114583333333, 0.30005787037037035], "AP-V18-DAD8-HALL-F": [0.3860677083333333, 0.3247685185185185], "AP-V18-DAC1-HALL-F": [0.287109375, 0.4111111111111111], "AP-V18-6B7E-HALL-E": [0.3468424479166667, 0.10069444444444445], "AP-V18-D868-HALL-E": [0.4130859375, 0.10474537037037036], "AP-V18-D9D3-HALL-F": [0.38619791666666664, 0.6083333333333333], "AP-V18-EC23-HALL-F": [0.33671875, 0.5215277777777778], "AP-V18-7C3B-HALL-E": [0.2501627604166667, 0.09953703703703703], "AP-V18-DAEE-HALL-A": [0.054427083333333334, 0.4671296296296296], "AP-V18-6BE0-HALL-A": [0.14622395833333332, 0.5212962962962963], "AP-V18-D9AB-HALL-F": [0.28880208333333335, 0.5946759259259259], "AP-V18-EBBF-HALL-B": [0.19368489583333334, 0.1579861111111111], "AP-V18-6AC7-HALL-A": [0.05481770833333333, 0.4101851851851852], "AP-V18-E48C-HALL-F": [0.4166666666666667, 0.40902777777777777], "AP-V18-F197-HALL-B": [0.09781901041666667, 0.2416087962962963], "AP-V18-EB8E-HALL-E": [0.3828125, 0.24016203703703703], "AP-V18-D8D5-HALL-E": [0.3351236979166667, 0.24131944444444445], "AP-V18-CBD4-HALL-A": [0.19348958333333333, 0.5236111111111111], "AP-V18-73FB-HALL-A": [0.41640625, 0.5800925925925926], "AP-V18-DFC3-HALL-A": [0.054296875, 0.5233796296296296], "AP-V18-6A9D-HALL-B": [0.08219401041666667, 0.21556712962962962], "AP-V18-D8AE-HALL-F": [0.33880208333333334, 0.32407407407407407], "AP-V18-7258-HALL-F": [0.4161458333333333, 0.5238425925925926], "AP-V18-DAC2-HALL-A": [0.19322916666666667, 0.32384259259259257], "AP-V18-EB82-HALL-E": [0.2908528645833333, 0.15856481481481483], "AP-V18-D8D0-HALL-E": [0.416015625, 0.21498842592592593], "AP-V18-6AF7-HALL-E": [0.4176432291666667, 0.16030092592592593], "AP-V18-DAFB-HALL-F": [0.3377604166666667, 0.5949074074074074], "AP-V18-6BB9-HALL-E": [0.4178059895833333, 0.3012152777777778], "AP-V18-7178-HALL-A": [0.10013020833333333, 0.5233796296296296]}