{"AP-V18-6BCF-HALL-F": [0.41627604166666665, 0.33310185185185187],
 "AP-V18-EC7B-HALL-A": [0.126171875, 0.5956018518518519],
 "AP-V18-DAEC-HALL-F": [0.33841145833333336, 0.4099537037037037],
 "AP-V18-D971-HALL-A": [0.09791666666666667, 0.4083333333333333],
 "AP-V18-D8EB-HALL-A": [0.19453125, 0.41087962962962965],
 "AP-V18-6AA2-HALL-A": [0.10052083333333334, 0.5951388888888889],
 "AP-V18-DAD3-HALL-B": [0.2421875, 0.1574074074074074],
 "AP-V18-EC76-HALL-F": [0.28880208333333335, 0.46828703703703706],
 "AP-V18-F15A-HALL-F": [0.24127604166666666, 0.32916666666666666],
 "AP-V18-D903-HALL-B": [0.24104817708333334, 0.2416087962962963],
 "AP-V18-DA98-HALL-B": [0.14729817708333334, 0.24305555555555555],
 "AP-V18-7283-HALL-B": [0.19694010416666666, 0.10677083333333333],
 "AP-V18-EC7E-HALL-A": [0.20755208333333333, 0.5949074074074074],
 "AP-V18-DFA2-HALL-E": [0.2877604166666667, 0.2404513888888889],
 "AP-V18-D8F3-HALL-A": [0.096484375, 0.3261574074074074],
 "AP-V18-6B93-HALL-B": [0.14729817708333334, 0.15653935185185186],
 "AP-V18-EC6E-HALL-A": [0.13567708333333334, 0.4083333333333333],
 "AP-V18-D9B6-HALL-E": [0.3391927083333333, 0.15914351851851852],
 "AP-V18-D86B-HALL-F": [0.28997395833333334, 0.33773148148148147],
 "AP-V18-6BDE-HALL-A": [0.14830729166666667, 0.32592592592592595],
 "AP-V18-D444-HALL-A": [0.24791666666666667, 0.4081018518518518],
 "AP-V18-6AA1-HALL-F": [0.38528645833333336, 0.4101851851851852],
 "AP-V18-DACC-HALL-A": [0.17708333333333334, 0.5944444444444444],
 "AP-V18-DF0BHALL-B": [0.14794921875, 0.10706018518518519],
 "AP-V18-717F-HALL-E": [0.38427734375, 0.1574074074074074],
 "AP-V18-D8D8-HALL-A": [0.23932291666666666, 0.524074074074074],
 "AP-V18-EAFC-HALL-F": [0.4161458333333333, 0.4673611111111111],
 "AP-V18-EB80-HALL-A": [0.0828125, 0.381712962962963],
 "AP-V18-D9B0-HALL-B": [0.08268229166666667, 0.15827546296296297],
 "AP-V18-E06E-HALL-B": [0.09440104166666667, 0.15625],
 "AP-V18-EC41-HALL-E": [0.2884114583333333, 0.30005787037037035],
 "AP-V18-DAD8-HALL-F": [0.3860677083333333, 0.3247685185185185],
 "AP-V18-DAC1-HALL-F": [0.287109375, 0.4111111111111111],
 "AP-V18-6B7E-HALL-E": [0.3468424479166667, 0.10069444444444445],
 "AP-V18-D868-HALL-E": [0.4130859375, 0.10474537037037036],
 "AP-V18-D9D3-HALL-F": [0.38619791666666664, 0.6083333333333333],
 "AP-V18-EC23-HALL-F": [0.33671875, 0.5215277777777778],
 "AP-V18-7C3B-HALL-E": [0.2501627604166667, 0.09953703703703703],
 "AP-V18-DAEE-HALL-A": [0.054427083333333334, 0.4671296296296296],
 "AP-V18-6BE0-HALL-A": [0.14622395833333332, 0.5212962962962963],
 "AP-V18-D9AB-HALL-F": [0.28880208333333335, 0.5946759259259259],
 "AP-V18-EBBF-HALL-B": [0.19368489583333334, 0.1579861111111111],
 "AP-V18-6AC7-HALL-A": [0.05481770833333333, 0.4101851851851852],
 "AP-V18-E48C-HALL-F": [0.4166666666666667, 0.40902777777777777],
 "AP-V18-F197-HALL-B": [0.09781901041666667, 0.2416087962962963],
 "AP-V18-EB8E-HALL-E": [0.3828125, 0.24016203703703703],
 "AP-V18-D8D5-HALL-E": [0.3351236979166667, 0.24131944444444445],
 "AP-V18-CBD4-HALL-A": [0.19348958333333333, 0.5236111111111111],
 "AP-V18-73FB-HALL-A": [0.41640625, 0.5800925925925926],
 "AP-V18-DFC3-HALL-A": [0.054296875, 0.5233796296296296],
 "AP-V18-6A9D-HALL-B": [0.08219401041666667, 0.21556712962962962],
 "AP-V18-D8AE-HALL-F": [0.33880208333333334, 0.32407407407407407],
 "AP-V18-7258-HALL-F": [0.4161458333333333, 0.5238425925925926],
 "AP-V18-DAC2-HALL-A": [0.19322916666666667, 0.32384259259259257],
 "AP-V18-EB82-HALL-E": [0.2908528645833333, 0.15856481481481483],
 "AP-V18-D8D0-HALL-E": [0.416015625, 0.21498842592592593],
 "AP-V18-6AF7-HALL-E": [0.4176432291666667, 0.16030092592592593],
 "AP-V18-DAFB-HALL-F": [0.3377604166666667, 0.5949074074074074],
 "AP-V18-6BB9-HALL-E": [0.4178059895833333, 0.3012152777777778],
 "AP-V18-7178-HALL-A": [0.10013020833333333, 0.5233796296296296],
"AP-V19-1026-101": [0.5872395833333334, 0.7851851851851852],
 "AP-V19-6E30-104": [0.616015625, 0.718287037037037],
 "AP-V19-D9B7-407": [0.9126302083333333, 0.6069444444444444],
 "AP-V19-E51A-BR9": [0.7360677083333333, 0.3685185185185185],
 "AP-V19-8D3E-301H": [0.8024739583333333, 0.7502314814814814],
 "AP-V19-E0A0-MH-BR3": [0.8458333333333333, 0.3905092592592593],
 "AP-V19-1036-706": [0.6401041666666667, 0.20092592592592592],
 "AP-V19-6B87-MH-BR5": [0.8528645833333334, 0.4740740740740741],
 "AP-V19-F0F0-708": [0.6372395833333333, 0.22314814814814815],
 "AP-V19-102E-303": [0.832421875, 0.7027777777777777],
 "AP-V19-F0AC-401": [0.8161458333333333, 0.6509259259259259],
 "AP-V19-6E66-210": [0.7329427083333333, 0.6456018518518518],
 "AP-V19-1028-103": [0.5993489583333333, 0.7601851851851852],
 "AP-V19-DAA4-MH-BR10": [0.8852864583333333, 0.4979166666666667],
 "AP-V18-ADD8-NOC-1": [0.23359375, 0.1599537037037037],
 "room150a-ec82": [0.5881510416666667, 0.7252314814814815],
 "AP-V19-102A-404": [0.8640625, 0.6305555555555555],
 "AP-V19-6BBE-406": [0.8955729166666667, 0.6435185185185185],
 "AP-V19-6E4C-207": [0.702734375, 0.6192129629629629],
 "AP-V18-823A-NOC-2": [0.23359375, 0.1599537037037037],
 "AP-V19-8D50-4S-BR1": [0.70625, 0.4444444444444444],
 "AP-V19-1020-703": [0.5901041666666667, 0.1650462962962963],
 "AP-V19-F0D4-4S-BR10": [0.7036458333333333, 0.4951388888888889],
 "AP-V19-8D18-402": [0.8322916666666667, 0.6504629629629629],
 "AP-V19-D9B4-MH-PF1": [0.7958333333333333, 0.5046296296296297],
 "AP-V19-CBFE-MH-BR4": [0.8654947916666667, 0.42291666666666666],
 "AP-V19-8D5A-104": [0.6201822916666667, 0.7252314814814815],
 "AP-V19-6E24-710": [0.6401041666666667, 0.25416666666666665],
 "AP-V19-F0B8-605": [0.6766927083333333, 0.22708333333333333],
 "AP-V19-6E28-504": [0.8626302083333334, 0.24027777777777778],
 "AP-V19-F0E4-4S-L1": [0.65859375, 0.4444444444444444],
 "AP-V19-8A38-206": [0.7220052083333334, 0.6981481481481482],
 "AP-V19-0E48-503H": [0.8479166666666667, 0.29259259259259257],
 "AP-V19-F07E-108B": [0.6196614583333333, 0.6708333333333333],
 "AP-V19-F0C4-4S-BR8": [0.6907552083333334, 0.430787037037037],
 "AP-V19-F0BA-403": [0.8485677083333333, 0.6497685185185185],
 "AP-V19-1032-302": [0.81484375, 0.6981481481481482],
 "AP-V19-E4A2-711": [0.5799479166666667, 0.27847222222222223],
 "AP-V19-F0AE-603": [0.6774739583333333, 0.19074074074074074],
 "AP-V19-8D34-203": [0.6790364583333334, 0.7094907407407407],
 "AP-V19-1066-602": [0.735546875, 0.13657407407407407],
 "AP-V19-6E0A-112": [0.6200520833333333, 0.6157407407407407],
 "AP-V19-0EBE-PBX": [0.895703125, 0.6638888888888889],
 "AP-V19-6E5A-4S-BR6": [0.7061197916666667, 0.46805555555555556],
 "AP-V19-EF12-601": [0.701171875, 0.15393518518518517],
 "AP-V19-8D0C-605": [0.679296875, 0.23425925925925925],
 "AP-V19-106E-201": [0.7032552083333333, 0.757175925925926],
 "AP-V19-6A1C-MH-BR12": [0.7950520833333333, 0.47638888888888886],
 "AP-V19-8D44-208": [0.7333333333333333, 0.6743055555555556],
 "AP-V19-101A-205": [0.7026041666666667, 0.6708333333333333],
 "AP-V19-F0A8-607": [0.699609375, 0.27708333333333335],
 "AP-V19-8D26-ROOM-202": [0.7348958333333333, 0.7587962962962963],
 "AP-V19-8D22-704": [0.6395833333333333, 0.16828703703703704],
 "AP-V19-6A0D-MH-BR2": [0.7934895833333333, 0.4425925925925926],
 "AP-V19-F0D2-207": [0.6798177083333333, 0.6236111111111111],
 "AP-V19-8D58-303H": [0.8346354166666666, 0.7502314814814814],
 "AP-V19-F0BE-608": [0.7337239583333334, 0.2212962962962963],
 "AP-V19-101C-304": [0.8479166666666667, 0.7155092592592592],
 "AP-V19-DADE-108": [0.6384114583333333, 0.6703703703703704],
 "AP-V19-8D4A-113": [0.58671875, 0.6111111111111112],
 "AP-V19-6E22-105": [0.5794270833333334, 0.7247685185185185],
 "AP-V19-1024-111": [0.5989583333333334, 0.6368055555555555],
 "AP-V19-F0C6-301": [0.80078125, 0.69375],
 "AP-V19-6B0A-4S-BR3": [0.7092447916666667, 0.42615740740740743],
 "AP-V19-E53E-4S-BR11": [0.7303385416666667, 0.4634259259259259],
 "AP-V19-1018-501": [0.81640625, 0.26273148148148145],
 "AP-V19-8B40-106": [0.6403645833333333, 0.6979166666666666],
 "AP-V19-6E20-601": [0.6760416666666667, 0.15625],