{"f8:4f:57:30:84:10": [0.9259114583333333, 0.6592724046140195], "f8:4f:57:07:c7:40": [0.28359375, 0.7196095829636202], "ec:e1:a9:8b:c9:30": [0.6627604166666666, 0.974267968056788], "f8:4f:57:07:d7:d0": [0.08359375, 0.7229813664596273], "f8:4f:57:30:86:e0": [0.948828125, 0.7685891748003549], "f8:4f:57:07:c2:b0": [0.7434895833333334, 0.9439219165927241], "f8:4f:57:07:c7:00": [0.909765625, 0.10736468500443656], "f8:4f:57:13:26:b0": [0.5002604166666667, 0.9483584738243124], "f8:4f:57:07:d6:60": [0.9104166666666667, 0.3634427684117125], "ec:e1:a9:97:af:00": [0.6001302083333333, 0.7142857142857143], "f8:4f:57:30:70:f0": [0.8610677083333333, 0.5939662821650399], "ec:e1:a9:8b:d4:f0": [0.40234375, 0.8603371783496007], "f8:4f:57:07:d9:e0": [0.5145833333333333, 0.7818988464951198], "f8:4f:57:12:37:20": [0.17604166666666668, 0.8010647737355812], "f8:4f:57:13:2c:a0": [0.6958333333333333, 0.7801242236024845], "ec:e1:a9:8b:d3:b0": [0.699609375, 0.7247559893522626], "f8:4f:57:06:e2:60": [0.008203125, 0.7112688553682343], "f8:4f:57:13:2a:70": [0.11848958333333333, 0.7957409050576753], "f8:4f:57:13:2a:60": [0.009375, 0.8055013309671695], "f8:4f:57:07:d7:80": [0.801953125, 0.49032830523513754], "f8:4f:57:3a:64:40": [0.28359375, 0.8596273291925466], "f8:4f:57:13:26:c0": [0.4420572916666667, 0.9357586512866016], "f8:4f:57:3a:4e:80": [0.8559895833333333, 0.17675244010647737], "f8:4f:57:13:14:40": [0.94921875, 0.6267968056787933], "ec:e1:a9:97:b9:b0": [0.9259114583333333, 0.6159716060337178], "f8:4f:57:30:8a:40": [0.70625, 0.9712511091393079], "f8:4f:57:12:53:80": [0.9256510416666667, 0.769299023957409], "f8:4f:57:13:0d:b0": [0.8028645833333333, 0.10523513753327418], "f8:4f:57:13:28:e0": [0.8837239583333333, 0.5458740017746229], "f8:4f:57:07:d3:40": [0.801953125, 0.5717834960070985], "f8:4f:57:3a:78:b0": [0.7975260416666666, 0.2720496894409938], "f8:4f:57:07:d2:b0": [0.32330729166666666, 0.8656610470275067], "f8:4f:57:06:f6:70": [0.5546875, 0.721206743566992], "f8:4f:57:3a:7a:10": [0.40143229166666666, 0.7204968944099379], "f8:4f:57:30:9b:a0": [0.39921875, 0.7788819875776397], "f8:4f:57:3a:6d:10": [0.6614583333333334, 0.8005323868677906], "f8:4f:57:3a:5d:c0": [0.5546875, 0.7944986690328305], "f8:4f:57:06:f8:80": [0.8830729166666667, 0.5847382431233363], "ec:e1:a9:8b:c4:80": [0.8028645833333333, 0.3318544809228039], "f8:4f:57:13:26:90": [0.6623697916666667, 0.7196095829636202], "f8:4f:57:3a:79:30": [0.08033854166666667, 0.8005323868677906], "f8:4f:57:30:88:10": [0.4415364583333333, 0.7217391304347827], "f8:4f:57:06:e0:e0": [0.91484375, 0.049689440993788817], "f8:4f:57:30:95:90": [0.8553385416666667, 0.4782608695652174], "f8:4f:57:3a:79:c0": [0.7434895833333334, 0.9439219165927241], "f8:4f:57:06:e0:d0": [0.8518229166666667, 0.050576752440106475], "f8:4f:57:12:d5:80": [0.17604166666666668, 0.8546583850931677], "f8:4f:57:3a:6c:30": [0.8608072916666667, 0.2771960958296362], "f8:4f:57:3a:7a:60": [0.801953125, 0.1774622892635315], "f8:4f:57:13:14:50": [0.7657552083333333, 0.7157054125998226], "ec:e1:a9:97:b9:d0": [0.8559895833333333, 0.6649511978704525], "f8:4f:57:13:0a:30": [0.24830729166666668, 0.8596273291925466], "f8:4f:57:12:cc:20": [0.8614583333333333, 0.41934338952972494], "f8:4f:57:3a:64:e0": [0.5053385416666667, 0.9089618456078083], "f8:4f:57:07:c6:a0": [0.5, 0.7283052351375333], "f8:4f:57:12:38:30": [0.8013020833333333, 0.44826974267968056], "f8:4f:57:07:bc:70": [0.176953125, 0.7217391304347827], "f8:4f:57:13:11:a0": [0.5928385416666667, 0.7875776397515528], "f8:4f:57:30:99:60": [0.2850260416666667, 0.9354037267080745], "f8:4f:57:30:8d:50": [0.5536458333333333, 0.8543034605146407], "f8:4f:57:13:2b:c0": [0.127734375, 0.7226264418811003], "f8:4f:57:13:28:30": [0.9151041666666667, 0.2667258207630878], "f8:4f:57:30:82:60": [0.909765625, 0.18065661047027506], "ec:e1:a9:8b:d5:50": [0.8279947916666667, 0.7313220940550134], "f8:4f:57:07:cb:e0": [0.4029947916666667, 0.9733806566104702], "f8:4f:57:3a:79:20": [0.8334635416666667, 0.02857142857142857], "f8:4f:57:30:9b:40": [0.08190104166666666, 0.8525288376220054], "f8:4f:57:12:d5:30": [0.6080729166666666, 0.9739130434782609], "f8:4f:57:07:d5:40": [0.8817708333333333, 0.3256433007985803], "f8:4f:57:30:9a:80": [0.08125, 0.9201419698314108], "f8:4f:57:07:c6:50": [0.33815104166666665, 0.8014196983141082], "f8:4f:57:30:88:00": [0.333203125, 0.7290150842945874], "f8:4f:57:30:84:a0": [0.827734375, 0.6441881100266194], "f8:4f:57:13:02:30": [0.24778645833333332, 0.9740905057675244], "f8:4f:57:30:87:b0": [0.855078125, 0.7204968944099379], "f8:4f:57:3a:23:a0": [0.11783854166666667, 0.8834072759538598], "f8:4f:57:12:36:20": [0.24635416666666668, 0.721561668145519], "f8:4f:57:07:c7:10": [0.6611979166666667, 0.8828748890860693], "f8:4f:57:13:1a:f0": [0.5946614583333333, 0.8708074534161491], "00:81:c4:f1:a2:80": [0.7434895833333334, 0.9439219165927241], "f8:4f:57:13:26:d0": [0.93203125, 0.7133984028393966], "f8:4f:57:30:98:40": [0.6973958333333333, 0.8594498669032831], "f8:4f:57:07:db:e0": [0.8830729166666667, 0.4353149955634428], "f8:4f:57:30:96:c0": [0.247265625, 0.7783496007098492], "f8:4f:57:07:ca:f0": [0.4415364583333333, 0.7788819875776397], "f8:4f:57:07:d7:30": [0.8546875, 0.7677018633540372], "f8:4f:57:13:18:c0": [0.94921875, 0.7368234250221828], "f8:4f:57:3a:6a:60": [0.17630208333333333, 0.9297249334516415], "f8:4f:57:13:29:f0": [0.8013020833333333, 0.774622892635315]}