{"booth1131-d9ae": [0.2853075663248696, 0.8020680249001769], "booth1301-daf2": [0.3393491109212238, 0.9797036171805672], "booth3821-6a9d": [0.855078125, 0.7204968944099379], "booth1343-6aa2": [0.333203125, 0.7290150842945874], "booth147-f054": [0.008203125, 0.7112688553682343], "booth2531-ebae": [0.6614583333333334, 0.8005323868677906], "booth1331-d9aa": [0.33815104166666665, 0.8014196983141082], "booth4359-d9cd": [0.9151041666666667, 0.2667258207630878], "booth3842-6b70": [0.8553385416666667, 0.4782608695652174], "booth4478-f03e": [0.91484375, 0.049689440993788817], "booth3878-f03b": [0.8518229166666667, 0.050576752440106475], "booth3444-cadc": [0.8013020833333333, 0.44826974267968056], "booth1042-cab6": [0.24635416666666668, 0.721561668145519], "booth1119-eb21": [0.28359375, 0.8596273291925466], "booth4423-d9b7": [0.93203125, 0.7133984028393966], "booth1543-ec7e": [0.40143229166666666, 0.7204968944099379], "dnoc533-d9f1": [0.11848958333333333, 0.7957409050576753], "booth4621-d8d5": [0.94921875, 0.7368234250221828], "booth1501-da05": [0.4029947916666667, 0.9733806566104702], "booth4036-d9d8": [0.8837239583333333, 0.5458740017746229], "booth3947-d40b": [0.8614583333333333, 0.41934338952972494], "booth731-cacc": [0.17604166666666668, 0.8010647737355812], "booth3958-eb9d": [0.8608072916666667, 0.2771960958296362], "booth3866-e9c3": [0.8559895833333333, 0.17675244010647737], "booth743-d90a": [0.176953125, 0.7217391304347827], "booth2501-71c4": [0.6627604166666666, 0.974267968056788], "booth430-ec6d": [0.08033854166666667, 0.8005323868677906], "booth3472-d829": [0.8028645833333333, 0.10523513753327418], "booth412-6bd1": [0.08125, 0.9201419698314108], "booth3434-da7b": [0.801953125, 0.5717834960070985], "booth3453-7178": [0.8028645833333333, 0.3318544809228039], "booth2517-d9b3": [0.6611979166666667, 0.8828748890860693], "booth4618-6a90": [0.948828125, 0.7685891748003549], "booth4418-cc92": [0.9256510416666667, 0.769299023957409], "booth3818-daba": [0.8546875, 0.7677018633540372], "booth442-dac0": [0.08359375, 0.7229813664596273], "booth4045-db05": [0.8830729166666667, 0.4353149955634428], "booth2543-d9b4": [0.6623697916666667, 0.7196095829636202], "booth642-da06": [0.127734375, 0.7226264418811003], "booth707-eb87": [0.17630208333333333, 0.9297249334516415], "booth4251-daae": [0.9104166666666667, 0.3634427684117125], "booth3000-6ac6": [0.70625, 0.9712511091393079], "booth2617-6bab": [0.6973958333333333, 0.8594498669032831], "booth1743-6aa3": [0.4415364583333333, 0.7217391304347827], "booth4033-f1b8": [0.8830729166666667, 0.5847382431233363], "scinet-noc3-f0c2": [0.7434895833333334, 0.9439219165927241], "booth2301-d499": [0.6080729166666666, 0.9739130434782609], "booth4272-d9b8": [0.909765625, 0.10736468500443656], "booth420-6bdd": [0.08190104166666666, 0.8525288376220054], "booth1030-6b93": [0.247265625, 0.7783496007098492], "scinet-noc1-d971": [0.7434895833333334, 0.9439219165927241], "booth2131-eab9": [0.5546875, 0.7944986690328305], "booth4630-d891": [0.94921875, 0.6267968056787933], "booth3679-ec74": [0.8334635416666667, 0.02857142857142857], "booth3628-6a6c": [0.827734375, 0.6441881100266194], "booth4430-e06e": [0.9259114583333333, 0.6159716060337178], "booth2231-d868": [0.5928385416666667, 0.7875776397515528], "booth2121-6af7": [0.5536458333333333, 0.8543034605146407], "booth1943-d9b4": [0.5, 0.7283052351375333], "booth3466-ec83": [0.801953125, 0.1774622892635315], "booth1531-6be2": [0.39921875, 0.7788819875776397], "scinet-noc2-ec7b": [0.7434895833333334, 0.9439219165927241], "booth1217-da72": [0.32330729166666666, 0.8656610470275067], "booth1519-727d": [0.40234375, 0.8603371783496007], "booth3832-7c2f": [0.8610677083333333, 0.5939662821650399], "booth1143-d9b9": [0.28359375, 0.7196095829636202], "booth3440-dac2": [0.801953125, 0.49032830523513754], "booth1018-d7f0": [0.24830729166666668, 0.8596273291925466], "booth2217-d8f8": [0.5946614583333333, 0.8708074534161491], "booth3417-d9e9": [0.8013020833333333, 0.774622892635315], "booth2643-726a": [0.699609375, 0.7247559893522626], "booth3621-7283": [0.8279947916666667, 0.7313220940550134], "booth1907-d9ac": [0.5002604166666667, 0.9483584738243124], "booth1931-dae5": [0.5145833333333333, 0.7818988464951198], "booth2143-f197": [0.5546875, 0.721206743566992], "booth517-e712": [0.11783854166666667, 0.8834072759538598], "booth1107-6bbe": [0.2850260416666667, 0.9354037267080745], "booth2012-eb2b": [0.5053385416666667, 0.9089618456078083], "booth4266-6a47": [0.909765625, 0.18065661047027506], "booth3223-d892": [0.7657552083333333, 0.7157054125998226], "booth3459-ec68": [0.7975260416666666, 0.2720496894409938], "booth3826-e075": [0.8559895833333333, 0.6649511978704525], "booth1709-d9b6": [0.4420572916666667, 0.9357586512866016], "booth131-d9ec": [0.009375, 0.8055013309671695], "booth4054-da9b": [0.8817708333333333, 0.3256433007985803], "booth721-d49f": [0.17604166666666668, 0.8546583850931677], "booth2631-da14": [0.6958333333333333, 0.7801242236024845], "booth1000-d770": [0.24778645833333332, 0.9740905057675244], "booth2345-dfc3": [0.6001302083333333, 0.7142857142857143], "booth1731-d9f6": [0.4415364583333333, 0.7788819875776397], "booth4427-6a5b": [0.9259114583333333, 0.6592724046140195]}